1	298	1_screenshot	/static/media/images/2003/298/1_image-2024-04-13-19-52-15.jpg	2024-04-13 19:52:19.627152	\N
2	298	2_screenshot	/static/media/images/2003/298/2_image-2024-04-13-19-52-15.jpg	2024-04-13 19:52:19.649031	\N
3	298	3_screenshot	/static/media/images/2003/298/3_image-2024-04-13-19-52-16.jpg	2024-04-13 19:52:19.669693	\N
4	298	4_screenshot	/static/media/images/2003/298/4_image-2024-04-13-19-52-16.jpg	2024-04-13 19:52:19.691879	\N
5	298	5_screenshot	/static/media/images/2003/298/5_image-2024-04-13-19-52-16.jpg	2024-04-13 19:52:19.713937	\N
6	298	6_screenshot	/static/media/images/2003/298/6_image-2024-04-13-19-52-17.jpg	2024-04-13 19:52:19.735156	\N
7	298	7_screenshot	/static/media/images/2003/298/7_image-2024-04-13-19-52-17.jpg	2024-04-13 19:52:19.755915	\N
8	298	8_screenshot	/static/media/images/2003/298/8_image-2024-04-13-19-52-17.jpg	2024-04-13 19:52:19.776742	\N
9	298	9_screenshot	/static/media/images/2003/298/9_image-2024-04-13-19-52-17.jpg	2024-04-13 19:52:19.799225	\N
10	298	10_screenshot	/static/media/images/2003/298/10_image-2024-04-13-19-52-18.jpg	2024-04-13 19:52:19.818996	\N
11	298	11_screenshot	/static/media/images/2003/298/11_image-2024-04-13-19-52-18.jpg	2024-04-13 19:52:19.840567	\N
12	298	12_screenshot	/static/media/images/2003/298/12_image-2024-04-13-19-52-18.jpg	2024-04-13 19:52:19.860241	\N
13	299	1_screenshot	/static/media/images/2003/299/1_image-2024-04-13-19-58-55.jpg	2024-04-13 19:58:58.941279	\N
14	299	2_screenshot	/static/media/images/2003/299/2_image-2024-04-13-19-58-55.jpg	2024-04-13 19:58:58.961371	\N
15	299	3_screenshot	/static/media/images/2003/299/3_image-2024-04-13-19-58-56.jpg	2024-04-13 19:58:58.982511	\N
16	299	4_screenshot	/static/media/images/2003/299/4_image-2024-04-13-19-58-56.jpg	2024-04-13 19:58:59.002516	\N
17	299	5_screenshot	/static/media/images/2003/299/5_image-2024-04-13-19-58-56.jpg	2024-04-13 19:58:59.024066	\N
18	299	6_screenshot	/static/media/images/2003/299/6_image-2024-04-13-19-58-56.jpg	2024-04-13 19:58:59.04447	\N
19	299	7_screenshot	/static/media/images/2003/299/7_image-2024-04-13-19-58-57.jpg	2024-04-13 19:58:59.063529	\N
20	299	8_screenshot	/static/media/images/2003/299/8_image-2024-04-13-19-58-57.jpg	2024-04-13 19:58:59.084645	\N
21	299	9_screenshot	/static/media/images/2003/299/9_image-2024-04-13-19-58-57.jpg	2024-04-13 19:58:59.104797	\N
22	299	10_screenshot	/static/media/images/2003/299/10_image-2024-04-13-19-58-57.jpg	2024-04-13 19:58:59.124595	\N
23	299	11_screenshot	/static/media/images/2003/299/11_image-2024-04-13-19-58-58.jpg	2024-04-13 19:58:59.145059	\N
24	299	12_screenshot	/static/media/images/2003/299/12_image-2024-04-13-19-58-58.jpg	2024-04-13 19:58:59.165172	\N
25	300	1_screenshot	/static/media/images/2003/300/1_image-2024-04-13-20-14-28.jpg	2024-04-13 20:14:31.951158	\N
26	300	2_screenshot	/static/media/images/2003/300/2_image-2024-04-13-20-14-28.jpg	2024-04-13 20:14:31.974868	\N
27	300	3_screenshot	/static/media/images/2003/300/3_image-2024-04-13-20-14-28.jpg	2024-04-13 20:14:31.997321	\N
28	300	4_screenshot	/static/media/images/2003/300/4_image-2024-04-13-20-14-28.jpg	2024-04-13 20:14:32.020512	\N
29	300	5_screenshot	/static/media/images/2003/300/5_image-2024-04-13-20-14-29.jpg	2024-04-13 20:14:32.043877	\N
30	300	6_screenshot	/static/media/images/2003/300/6_image-2024-04-13-20-14-29.jpg	2024-04-13 20:14:32.064914	\N
31	300	7_screenshot	/static/media/images/2003/300/7_image-2024-04-13-20-14-29.jpg	2024-04-13 20:14:32.085485	\N
32	300	8_screenshot	/static/media/images/2003/300/8_image-2024-04-13-20-14-29.jpg	2024-04-13 20:14:32.107705	\N
33	300	9_screenshot	/static/media/images/2003/300/9_image-2024-04-13-20-14-30.jpg	2024-04-13 20:14:32.132283	\N
34	300	10_screenshot	/static/media/images/2003/300/10_image-2024-04-13-20-14-30.jpg	2024-04-13 20:14:32.157963	\N
35	300	11_screenshot	/static/media/images/2003/300/11_image-2024-04-13-20-14-30.jpg	2024-04-13 20:14:32.180028	\N
36	300	12_screenshot	/static/media/images/2003/300/12_image-2024-04-13-20-14-31.jpg	2024-04-13 20:14:32.20189	\N
37	301	1_screenshot	/static/media/images/1999/301/1_image-2024-04-13-20-19-05.jpg	2024-04-13 20:19:08.843502	\N
38	301	2_screenshot	/static/media/images/1999/301/2_image-2024-04-13-20-19-05.jpg	2024-04-13 20:19:08.864724	\N
39	301	3_screenshot	/static/media/images/1999/301/3_image-2024-04-13-20-19-05.jpg	2024-04-13 20:19:08.884758	\N
40	301	4_screenshot	/static/media/images/1999/301/4_image-2024-04-13-20-19-06.jpg	2024-04-13 20:19:08.907902	\N
41	301	5_screenshot	/static/media/images/1999/301/5_image-2024-04-13-20-19-06.jpg	2024-04-13 20:19:08.92918	\N
42	301	6_screenshot	/static/media/images/1999/301/6_image-2024-04-13-20-19-06.jpg	2024-04-13 20:19:08.951204	\N
43	301	7_screenshot	/static/media/images/1999/301/7_image-2024-04-13-20-19-06.jpg	2024-04-13 20:19:08.97057	\N
44	301	8_screenshot	/static/media/images/1999/301/8_image-2024-04-13-20-19-07.jpg	2024-04-13 20:19:08.992854	\N
45	301	9_screenshot	/static/media/images/1999/301/9_image-2024-04-13-20-19-07.jpg	2024-04-13 20:19:09.013514	\N
46	301	10_screenshot	/static/media/images/1999/301/10_image-2024-04-13-20-19-07.jpg	2024-04-13 20:19:09.035196	\N
47	301	11_screenshot	/static/media/images/1999/301/11_image-2024-04-13-20-19-07.jpg	2024-04-13 20:19:09.057123	\N
48	301	12_screenshot	/static/media/images/1999/301/12_image-2024-04-13-20-19-08.jpg	2024-04-13 20:19:09.079577	\N
49	310	1_screenshot	/static/media/images/2003/310/1_image-2024-04-13-20-19-06.jpg	2024-04-13 20:19:10.001406	\N
50	310	2_screenshot	/static/media/images/2003/310/2_image-2024-04-13-20-19-06.jpg	2024-04-13 20:19:10.024372	\N
51	310	3_screenshot	/static/media/images/2003/310/3_image-2024-04-13-20-19-06.jpg	2024-04-13 20:19:10.046341	\N
52	310	4_screenshot	/static/media/images/2003/310/4_image-2024-04-13-20-19-07.jpg	2024-04-13 20:19:10.067504	\N
53	310	5_screenshot	/static/media/images/2003/310/5_image-2024-04-13-20-19-07.jpg	2024-04-13 20:19:10.088561	\N
54	310	6_screenshot	/static/media/images/2003/310/6_image-2024-04-13-20-19-07.jpg	2024-04-13 20:19:10.108166	\N
55	310	7_screenshot	/static/media/images/2003/310/7_image-2024-04-13-20-19-07.jpg	2024-04-13 20:19:10.131246	\N
56	310	8_screenshot	/static/media/images/2003/310/8_image-2024-04-13-20-19-08.jpg	2024-04-13 20:19:10.152011	\N
57	310	9_screenshot	/static/media/images/2003/310/9_image-2024-04-13-20-19-08.jpg	2024-04-13 20:19:10.174644	\N
58	310	10_screenshot	/static/media/images/2003/310/10_image-2024-04-13-20-19-08.jpg	2024-04-13 20:19:10.195627	\N
59	310	11_screenshot	/static/media/images/2003/310/11_image-2024-04-13-20-19-09.jpg	2024-04-13 20:19:10.218299	\N
60	310	12_screenshot	/static/media/images/2003/310/12_image-2024-04-13-20-19-09.jpg	2024-04-13 20:19:10.237994	\N
61	302	1_screenshot	/static/media/images/2003/302/1_image-2024-04-13-20-19-15.jpg	2024-04-13 20:19:19.757993	\N
62	302	2_screenshot	/static/media/images/2003/302/2_image-2024-04-13-20-19-16.jpg	2024-04-13 20:19:19.777028	\N
63	302	3_screenshot	/static/media/images/2003/302/3_image-2024-04-13-20-19-16.jpg	2024-04-13 20:19:19.796772	\N
64	302	4_screenshot	/static/media/images/2003/302/4_image-2024-04-13-20-19-16.jpg	2024-04-13 20:19:19.818187	\N
65	302	5_screenshot	/static/media/images/2003/302/5_image-2024-04-13-20-19-17.jpg	2024-04-13 20:19:19.842842	\N
66	302	6_screenshot	/static/media/images/2003/302/6_image-2024-04-13-20-19-17.jpg	2024-04-13 20:19:19.865371	\N
67	302	7_screenshot	/static/media/images/2003/302/7_image-2024-04-13-20-19-17.jpg	2024-04-13 20:19:19.887293	\N
68	302	8_screenshot	/static/media/images/2003/302/8_image-2024-04-13-20-19-17.jpg	2024-04-13 20:19:19.908407	\N
69	302	9_screenshot	/static/media/images/2003/302/9_image-2024-04-13-20-19-18.jpg	2024-04-13 20:19:19.93127	\N
70	302	10_screenshot	/static/media/images/2003/302/10_image-2024-04-13-20-19-18.jpg	2024-04-13 20:19:19.953721	\N
71	302	11_screenshot	/static/media/images/2003/302/11_image-2024-04-13-20-19-18.jpg	2024-04-13 20:19:19.976685	\N
72	302	12_screenshot	/static/media/images/2003/302/12_image-2024-04-13-20-19-19.jpg	2024-04-13 20:19:20.000046	\N
73	311	1_screenshot	/static/media/images/2003/311/1_image-2024-04-13-20-19-17.jpg	2024-04-13 20:19:21.365817	\N
74	311	2_screenshot	/static/media/images/2003/311/2_image-2024-04-13-20-19-17.jpg	2024-04-13 20:19:21.386942	\N
75	311	3_screenshot	/static/media/images/2003/311/3_image-2024-04-13-20-19-17.jpg	2024-04-13 20:19:21.409672	\N
76	311	4_screenshot	/static/media/images/2003/311/4_image-2024-04-13-20-19-18.jpg	2024-04-13 20:19:21.429542	\N
77	311	5_screenshot	/static/media/images/2003/311/5_image-2024-04-13-20-19-18.jpg	2024-04-13 20:19:21.450716	\N
78	311	6_screenshot	/static/media/images/2003/311/6_image-2024-04-13-20-19-18.jpg	2024-04-13 20:19:21.470568	\N
79	311	7_screenshot	/static/media/images/2003/311/7_image-2024-04-13-20-19-19.jpg	2024-04-13 20:19:21.491993	\N
80	311	8_screenshot	/static/media/images/2003/311/8_image-2024-04-13-20-19-19.jpg	2024-04-13 20:19:21.51407	\N
81	311	9_screenshot	/static/media/images/2003/311/9_image-2024-04-13-20-19-19.jpg	2024-04-13 20:19:21.534046	\N
82	311	10_screenshot	/static/media/images/2003/311/10_image-2024-04-13-20-19-19.jpg	2024-04-13 20:19:21.554944	\N
83	311	11_screenshot	/static/media/images/2003/311/11_image-2024-04-13-20-19-20.jpg	2024-04-13 20:19:21.57658	\N
84	311	12_screenshot	/static/media/images/2003/311/12_image-2024-04-13-20-19-20.jpg	2024-04-13 20:19:21.596224	\N
85	303	1_screenshot	/static/media/images/2003/303/1_image-2024-04-13-20-19-27.jpg	2024-04-13 20:19:31.505003	\N
86	303	2_screenshot	/static/media/images/2003/303/2_image-2024-04-13-20-19-28.jpg	2024-04-13 20:19:31.525158	\N
87	303	3_screenshot	/static/media/images/2003/303/3_image-2024-04-13-20-19-28.jpg	2024-04-13 20:19:31.545026	\N
88	303	4_screenshot	/static/media/images/2003/303/4_image-2024-04-13-20-19-28.jpg	2024-04-13 20:19:31.564411	\N
89	303	5_screenshot	/static/media/images/2003/303/5_image-2024-04-13-20-19-28.jpg	2024-04-13 20:19:31.585032	\N
90	303	6_screenshot	/static/media/images/2003/303/6_image-2024-04-13-20-19-29.jpg	2024-04-13 20:19:31.606537	\N
91	303	7_screenshot	/static/media/images/2003/303/7_image-2024-04-13-20-19-29.jpg	2024-04-13 20:19:31.625834	\N
92	303	8_screenshot	/static/media/images/2003/303/8_image-2024-04-13-20-19-29.jpg	2024-04-13 20:19:31.647255	\N
93	303	9_screenshot	/static/media/images/2003/303/9_image-2024-04-13-20-19-30.jpg	2024-04-13 20:19:31.66816	\N
94	303	10_screenshot	/static/media/images/2003/303/10_image-2024-04-13-20-19-30.jpg	2024-04-13 20:19:31.688644	\N
95	303	11_screenshot	/static/media/images/2003/303/11_image-2024-04-13-20-19-30.jpg	2024-04-13 20:19:31.708723	\N
96	303	12_screenshot	/static/media/images/2003/303/12_image-2024-04-13-20-19-30.jpg	2024-04-13 20:19:31.729456	\N
97	312	1_screenshot	/static/media/images/2002/312/1_image-2024-04-13-20-19-29.jpg	2024-04-13 20:19:33.043167	\N
98	312	2_screenshot	/static/media/images/2002/312/2_image-2024-04-13-20-19-29.jpg	2024-04-13 20:19:33.063151	\N
99	312	3_screenshot	/static/media/images/2002/312/3_image-2024-04-13-20-19-29.jpg	2024-04-13 20:19:33.082807	\N
100	312	4_screenshot	/static/media/images/2002/312/4_image-2024-04-13-20-19-30.jpg	2024-04-13 20:19:33.103099	\N
101	312	5_screenshot	/static/media/images/2002/312/5_image-2024-04-13-20-19-30.jpg	2024-04-13 20:19:33.123102	\N
102	312	6_screenshot	/static/media/images/2002/312/6_image-2024-04-13-20-19-30.jpg	2024-04-13 20:19:33.142126	\N
103	312	7_screenshot	/static/media/images/2002/312/7_image-2024-04-13-20-19-30.jpg	2024-04-13 20:19:33.163131	\N
104	312	8_screenshot	/static/media/images/2002/312/8_image-2024-04-13-20-19-31.jpg	2024-04-13 20:19:33.183316	\N
105	312	9_screenshot	/static/media/images/2002/312/9_image-2024-04-13-20-19-31.jpg	2024-04-13 20:19:33.204234	\N
106	312	10_screenshot	/static/media/images/2002/312/10_image-2024-04-13-20-19-31.jpg	2024-04-13 20:19:33.224657	\N
107	312	11_screenshot	/static/media/images/2002/312/11_image-2024-04-13-20-19-32.jpg	2024-04-13 20:19:33.245386	\N
108	312	12_screenshot	/static/media/images/2002/312/12_image-2024-04-13-20-19-32.jpg	2024-04-13 20:19:33.266737	\N
109	304	1_screenshot	/static/media/images/2003/304/1_image-2024-04-13-20-19-38.jpg	2024-04-13 20:19:42.157361	\N
110	304	2_screenshot	/static/media/images/2003/304/2_image-2024-04-13-20-19-38.jpg	2024-04-13 20:19:42.179003	\N
111	304	3_screenshot	/static/media/images/2003/304/3_image-2024-04-13-20-19-38.jpg	2024-04-13 20:19:42.200318	\N
112	304	4_screenshot	/static/media/images/2003/304/4_image-2024-04-13-20-19-39.jpg	2024-04-13 20:19:42.223462	\N
113	304	5_screenshot	/static/media/images/2003/304/5_image-2024-04-13-20-19-39.jpg	2024-04-13 20:19:42.244574	\N
114	304	6_screenshot	/static/media/images/2003/304/6_image-2024-04-13-20-19-39.jpg	2024-04-13 20:19:42.266227	\N
115	304	7_screenshot	/static/media/images/2003/304/7_image-2024-04-13-20-19-40.jpg	2024-04-13 20:19:42.288388	\N
116	304	8_screenshot	/static/media/images/2003/304/8_image-2024-04-13-20-19-40.jpg	2024-04-13 20:19:42.309269	\N
117	304	9_screenshot	/static/media/images/2003/304/9_image-2024-04-13-20-19-40.jpg	2024-04-13 20:19:42.32998	\N
118	304	10_screenshot	/static/media/images/2003/304/10_image-2024-04-13-20-19-40.jpg	2024-04-13 20:19:42.353754	\N
119	304	11_screenshot	/static/media/images/2003/304/11_image-2024-04-13-20-19-41.jpg	2024-04-13 20:19:42.375474	\N
120	304	12_screenshot	/static/media/images/2003/304/12_image-2024-04-13-20-19-41.jpg	2024-04-13 20:19:42.397244	\N
121	313	1_screenshot	/static/media/images/2002/313/1_image-2024-04-13-20-19-39.jpg	2024-04-13 20:19:43.424294	\N
122	313	2_screenshot	/static/media/images/2002/313/2_image-2024-04-13-20-19-39.jpg	2024-04-13 20:19:43.446137	\N
123	313	3_screenshot	/static/media/images/2002/313/3_image-2024-04-13-20-19-40.jpg	2024-04-13 20:19:43.468602	\N
124	313	4_screenshot	/static/media/images/2002/313/4_image-2024-04-13-20-19-40.jpg	2024-04-13 20:19:43.490909	\N
125	313	5_screenshot	/static/media/images/2002/313/5_image-2024-04-13-20-19-40.jpg	2024-04-13 20:19:43.512409	\N
126	313	6_screenshot	/static/media/images/2002/313/6_image-2024-04-13-20-19-41.jpg	2024-04-13 20:19:43.534419	\N
127	313	7_screenshot	/static/media/images/2002/313/7_image-2024-04-13-20-19-41.jpg	2024-04-13 20:19:43.556723	\N
128	313	8_screenshot	/static/media/images/2002/313/8_image-2024-04-13-20-19-41.jpg	2024-04-13 20:19:43.57993	\N
129	313	9_screenshot	/static/media/images/2002/313/9_image-2024-04-13-20-19-41.jpg	2024-04-13 20:19:43.601482	\N
130	313	10_screenshot	/static/media/images/2002/313/10_image-2024-04-13-20-19-42.jpg	2024-04-13 20:19:43.625767	\N
131	313	11_screenshot	/static/media/images/2002/313/11_image-2024-04-13-20-19-42.jpg	2024-04-13 20:19:43.648815	\N
132	313	12_screenshot	/static/media/images/2002/313/12_image-2024-04-13-20-19-42.jpg	2024-04-13 20:19:43.672851	\N
133	305	1_screenshot	/static/media/images/2002/305/1_image-2024-04-13-20-19-49.jpg	2024-04-13 20:19:53.381245	\N
134	305	2_screenshot	/static/media/images/2002/305/2_image-2024-04-13-20-19-50.jpg	2024-04-13 20:19:53.403612	\N
135	305	3_screenshot	/static/media/images/2002/305/3_image-2024-04-13-20-19-50.jpg	2024-04-13 20:19:53.42289	\N
136	305	4_screenshot	/static/media/images/2002/305/4_image-2024-04-13-20-19-50.jpg	2024-04-13 20:19:53.44223	\N
137	305	5_screenshot	/static/media/images/2002/305/5_image-2024-04-13-20-19-50.jpg	2024-04-13 20:19:53.461821	\N
138	305	6_screenshot	/static/media/images/2002/305/6_image-2024-04-13-20-19-51.jpg	2024-04-13 20:19:53.481165	\N
139	305	7_screenshot	/static/media/images/2002/305/7_image-2024-04-13-20-19-51.jpg	2024-04-13 20:19:53.50166	\N
140	305	8_screenshot	/static/media/images/2002/305/8_image-2024-04-13-20-19-51.jpg	2024-04-13 20:19:53.519856	\N
141	305	9_screenshot	/static/media/images/2002/305/9_image-2024-04-13-20-19-51.jpg	2024-04-13 20:19:53.539804	\N
142	305	10_screenshot	/static/media/images/2002/305/10_image-2024-04-13-20-19-52.jpg	2024-04-13 20:19:53.558938	\N
143	305	11_screenshot	/static/media/images/2002/305/11_image-2024-04-13-20-19-52.jpg	2024-04-13 20:19:53.580207	\N
144	305	12_screenshot	/static/media/images/2002/305/12_image-2024-04-13-20-19-52.jpg	2024-04-13 20:19:53.601049	\N
145	314	1_screenshot	/static/media/images/2002/314/1_image-2024-04-13-20-19-51.jpg	2024-04-13 20:19:54.786519	\N
146	314	2_screenshot	/static/media/images/2002/314/2_image-2024-04-13-20-19-51.jpg	2024-04-13 20:19:54.80776	\N
147	314	3_screenshot	/static/media/images/2002/314/3_image-2024-04-13-20-19-51.jpg	2024-04-13 20:19:54.828269	\N
148	314	4_screenshot	/static/media/images/2002/314/4_image-2024-04-13-20-19-52.jpg	2024-04-13 20:19:54.849013	\N
149	314	5_screenshot	/static/media/images/2002/314/5_image-2024-04-13-20-19-52.jpg	2024-04-13 20:19:54.870256	\N
150	314	6_screenshot	/static/media/images/2002/314/6_image-2024-04-13-20-19-52.jpg	2024-04-13 20:19:54.891469	\N
151	314	7_screenshot	/static/media/images/2002/314/7_image-2024-04-13-20-19-52.jpg	2024-04-13 20:19:54.911472	\N
152	314	8_screenshot	/static/media/images/2002/314/8_image-2024-04-13-20-19-53.jpg	2024-04-13 20:19:54.930257	\N
153	314	9_screenshot	/static/media/images/2002/314/9_image-2024-04-13-20-19-53.jpg	2024-04-13 20:19:54.953631	\N
154	314	10_screenshot	/static/media/images/2002/314/10_image-2024-04-13-20-19-53.jpg	2024-04-13 20:19:54.976606	\N
155	314	11_screenshot	/static/media/images/2002/314/11_image-2024-04-13-20-19-53.jpg	2024-04-13 20:19:55.000549	\N
156	314	12_screenshot	/static/media/images/2002/314/12_image-2024-04-13-20-19-54.jpg	2024-04-13 20:19:55.022457	\N
157	306	1_screenshot	/static/media/images/2003/306/1_image-2024-04-13-20-20-00.jpg	2024-04-13 20:20:04.348603	\N
158	306	2_screenshot	/static/media/images/2003/306/2_image-2024-04-13-20-20-01.jpg	2024-04-13 20:20:04.369394	\N
159	306	3_screenshot	/static/media/images/2003/306/3_image-2024-04-13-20-20-01.jpg	2024-04-13 20:20:04.389924	\N
160	306	4_screenshot	/static/media/images/2003/306/4_image-2024-04-13-20-20-01.jpg	2024-04-13 20:20:04.413764	\N
161	306	5_screenshot	/static/media/images/2003/306/5_image-2024-04-13-20-20-01.jpg	2024-04-13 20:20:04.434876	\N
162	306	6_screenshot	/static/media/images/2003/306/6_image-2024-04-13-20-20-02.jpg	2024-04-13 20:20:04.456443	\N
163	306	7_screenshot	/static/media/images/2003/306/7_image-2024-04-13-20-20-02.jpg	2024-04-13 20:20:04.478832	\N
164	306	8_screenshot	/static/media/images/2003/306/8_image-2024-04-13-20-20-02.jpg	2024-04-13 20:20:04.501934	\N
165	306	9_screenshot	/static/media/images/2003/306/9_image-2024-04-13-20-20-02.jpg	2024-04-13 20:20:04.524984	\N
166	306	10_screenshot	/static/media/images/2003/306/10_image-2024-04-13-20-20-03.jpg	2024-04-13 20:20:04.544253	\N
167	306	11_screenshot	/static/media/images/2003/306/11_image-2024-04-13-20-20-03.jpg	2024-04-13 20:20:04.564553	\N
168	306	12_screenshot	/static/media/images/2003/306/12_image-2024-04-13-20-20-03.jpg	2024-04-13 20:20:04.584864	\N
169	316	1_screenshot	/static/media/images/2003/316/1_image-2024-04-13-20-20-03.jpg	2024-04-13 20:20:06.660897	\N
170	316	2_screenshot	/static/media/images/2003/316/2_image-2024-04-13-20-20-03.jpg	2024-04-13 20:20:06.68524	\N
171	316	3_screenshot	/static/media/images/2003/316/3_image-2024-04-13-20-20-03.jpg	2024-04-13 20:20:06.708208	\N
172	316	4_screenshot	/static/media/images/2003/316/4_image-2024-04-13-20-20-04.jpg	2024-04-13 20:20:06.732517	\N
173	316	5_screenshot	/static/media/images/2003/316/5_image-2024-04-13-20-20-04.jpg	2024-04-13 20:20:06.75596	\N
174	316	6_screenshot	/static/media/images/2003/316/6_image-2024-04-13-20-20-04.jpg	2024-04-13 20:20:06.781474	\N
175	316	7_screenshot	/static/media/images/2003/316/7_image-2024-04-13-20-20-04.jpg	2024-04-13 20:20:06.805751	\N
176	316	8_screenshot	/static/media/images/2003/316/8_image-2024-04-13-20-20-05.jpg	2024-04-13 20:20:06.830614	\N
177	316	9_screenshot	/static/media/images/2003/316/9_image-2024-04-13-20-20-05.jpg	2024-04-13 20:20:06.854901	\N
178	316	10_screenshot	/static/media/images/2003/316/10_image-2024-04-13-20-20-05.jpg	2024-04-13 20:20:06.878697	\N
179	316	11_screenshot	/static/media/images/2003/316/11_image-2024-04-13-20-20-05.jpg	2024-04-13 20:20:06.904272	\N
180	316	12_screenshot	/static/media/images/2003/316/12_image-2024-04-13-20-20-06.jpg	2024-04-13 20:20:06.927511	\N
181	307	1_screenshot	/static/media/images/2003/307/1_image-2024-04-13-20-20-11.jpg	2024-04-13 20:20:16.012811	\N
182	307	2_screenshot	/static/media/images/2003/307/2_image-2024-04-13-20-20-11.jpg	2024-04-13 20:20:16.034111	\N
183	307	3_screenshot	/static/media/images/2003/307/3_image-2024-04-13-20-20-12.jpg	2024-04-13 20:20:16.058028	\N
184	307	4_screenshot	/static/media/images/2003/307/4_image-2024-04-13-20-20-12.jpg	2024-04-13 20:20:16.080374	\N
185	307	5_screenshot	/static/media/images/2003/307/5_image-2024-04-13-20-20-12.jpg	2024-04-13 20:20:16.103615	\N
186	307	6_screenshot	/static/media/images/2003/307/6_image-2024-04-13-20-20-13.jpg	2024-04-13 20:20:16.126109	\N
187	307	7_screenshot	/static/media/images/2003/307/7_image-2024-04-13-20-20-13.jpg	2024-04-13 20:20:16.147583	\N
188	307	8_screenshot	/static/media/images/2003/307/8_image-2024-04-13-20-20-13.jpg	2024-04-13 20:20:16.169556	\N
189	307	9_screenshot	/static/media/images/2003/307/9_image-2024-04-13-20-20-14.jpg	2024-04-13 20:20:16.190104	\N
190	307	10_screenshot	/static/media/images/2003/307/10_image-2024-04-13-20-20-14.jpg	2024-04-13 20:20:16.210261	\N
191	307	11_screenshot	/static/media/images/2003/307/11_image-2024-04-13-20-20-14.jpg	2024-04-13 20:20:16.23025	\N
192	307	12_screenshot	/static/media/images/2003/307/12_image-2024-04-13-20-20-15.jpg	2024-04-13 20:20:16.252484	\N
193	317	1_screenshot	/static/media/images/2002/317/1_image-2024-04-13-20-20-13.jpg	2024-04-13 20:20:17.995786	\N
194	317	2_screenshot	/static/media/images/2002/317/2_image-2024-04-13-20-20-14.jpg	2024-04-13 20:20:18.01809	\N
195	317	3_screenshot	/static/media/images/2002/317/3_image-2024-04-13-20-20-14.jpg	2024-04-13 20:20:18.041803	\N
196	317	4_screenshot	/static/media/images/2002/317/4_image-2024-04-13-20-20-14.jpg	2024-04-13 20:20:18.062889	\N
197	317	5_screenshot	/static/media/images/2002/317/5_image-2024-04-13-20-20-14.jpg	2024-04-13 20:20:18.08305	\N
198	317	6_screenshot	/static/media/images/2002/317/6_image-2024-04-13-20-20-15.jpg	2024-04-13 20:20:18.102887	\N
199	317	7_screenshot	/static/media/images/2002/317/7_image-2024-04-13-20-20-15.jpg	2024-04-13 20:20:18.124837	\N
200	317	8_screenshot	/static/media/images/2002/317/8_image-2024-04-13-20-20-15.jpg	2024-04-13 20:20:18.145377	\N
201	317	9_screenshot	/static/media/images/2002/317/9_image-2024-04-13-20-20-16.jpg	2024-04-13 20:20:18.167103	\N
202	317	10_screenshot	/static/media/images/2002/317/10_image-2024-04-13-20-20-16.jpg	2024-04-13 20:20:18.188022	\N
203	317	11_screenshot	/static/media/images/2002/317/11_image-2024-04-13-20-20-16.jpg	2024-04-13 20:20:18.210124	\N
204	317	12_screenshot	/static/media/images/2002/317/12_image-2024-04-13-20-20-17.jpg	2024-04-13 20:20:18.230278	\N
205	308	1_screenshot	/static/media/images/2003/308/1_image-2024-04-13-20-20-23.jpg	2024-04-13 20:20:27.915288	\N
206	308	2_screenshot	/static/media/images/2003/308/2_image-2024-04-13-20-20-23.jpg	2024-04-13 20:20:27.936496	\N
207	308	3_screenshot	/static/media/images/2003/308/3_image-2024-04-13-20-20-24.jpg	2024-04-13 20:20:27.958849	\N
208	308	4_screenshot	/static/media/images/2003/308/4_image-2024-04-13-20-20-24.jpg	2024-04-13 20:20:27.980697	\N
209	308	5_screenshot	/static/media/images/2003/308/5_image-2024-04-13-20-20-24.jpg	2024-04-13 20:20:28.00113	\N
210	308	6_screenshot	/static/media/images/2003/308/6_image-2024-04-13-20-20-25.jpg	2024-04-13 20:20:28.021145	\N
211	308	7_screenshot	/static/media/images/2003/308/7_image-2024-04-13-20-20-25.jpg	2024-04-13 20:20:28.039881	\N
212	308	8_screenshot	/static/media/images/2003/308/8_image-2024-04-13-20-20-25.jpg	2024-04-13 20:20:28.059191	\N
213	308	9_screenshot	/static/media/images/2003/308/9_image-2024-04-13-20-20-26.jpg	2024-04-13 20:20:28.080013	\N
214	308	10_screenshot	/static/media/images/2003/308/10_image-2024-04-13-20-20-26.jpg	2024-04-13 20:20:28.10339	\N
215	308	11_screenshot	/static/media/images/2003/308/11_image-2024-04-13-20-20-26.jpg	2024-04-13 20:20:28.124819	\N
216	308	12_screenshot	/static/media/images/2003/308/12_image-2024-04-13-20-20-27.jpg	2024-04-13 20:20:28.149583	\N
217	318	1_screenshot	/static/media/images/2003/318/1_image-2024-04-13-20-20-25.jpg	2024-04-13 20:20:29.683246	\N
218	318	2_screenshot	/static/media/images/2003/318/2_image-2024-04-13-20-20-26.jpg	2024-04-13 20:20:29.707717	\N
219	318	3_screenshot	/static/media/images/2003/318/3_image-2024-04-13-20-20-26.jpg	2024-04-13 20:20:29.727992	\N
220	318	4_screenshot	/static/media/images/2003/318/4_image-2024-04-13-20-20-26.jpg	2024-04-13 20:20:29.748511	\N
221	318	5_screenshot	/static/media/images/2003/318/5_image-2024-04-13-20-20-27.jpg	2024-04-13 20:20:29.769504	\N
222	318	6_screenshot	/static/media/images/2003/318/6_image-2024-04-13-20-20-27.jpg	2024-04-13 20:20:29.793533	\N
223	318	7_screenshot	/static/media/images/2003/318/7_image-2024-04-13-20-20-27.jpg	2024-04-13 20:20:29.817722	\N
224	318	8_screenshot	/static/media/images/2003/318/8_image-2024-04-13-20-20-27.jpg	2024-04-13 20:20:29.839962	\N
225	318	9_screenshot	/static/media/images/2003/318/9_image-2024-04-13-20-20-28.jpg	2024-04-13 20:20:29.862395	\N
226	318	10_screenshot	/static/media/images/2003/318/10_image-2024-04-13-20-20-28.jpg	2024-04-13 20:20:29.885033	\N
227	318	11_screenshot	/static/media/images/2003/318/11_image-2024-04-13-20-20-28.jpg	2024-04-13 20:20:29.907097	\N
228	318	12_screenshot	/static/media/images/2003/318/12_image-2024-04-13-20-20-28.jpg	2024-04-13 20:20:29.931141	\N
229	309	1_screenshot	/static/media/images/2002/309/1_image-2024-04-13-20-20-35.jpg	2024-04-13 20:20:39.445666	\N
230	309	2_screenshot	/static/media/images/2002/309/2_image-2024-04-13-20-20-36.jpg	2024-04-13 20:20:39.466324	\N
231	309	3_screenshot	/static/media/images/2002/309/3_image-2024-04-13-20-20-36.jpg	2024-04-13 20:20:39.487648	\N
232	309	4_screenshot	/static/media/images/2002/309/4_image-2024-04-13-20-20-36.jpg	2024-04-13 20:20:39.509052	\N
233	309	5_screenshot	/static/media/images/2002/309/5_image-2024-04-13-20-20-36.jpg	2024-04-13 20:20:39.531079	\N
234	309	6_screenshot	/static/media/images/2002/309/6_image-2024-04-13-20-20-37.jpg	2024-04-13 20:20:39.552921	\N
235	309	7_screenshot	/static/media/images/2002/309/7_image-2024-04-13-20-20-37.jpg	2024-04-13 20:20:39.578454	\N
236	309	8_screenshot	/static/media/images/2002/309/8_image-2024-04-13-20-20-37.jpg	2024-04-13 20:20:39.601223	\N
237	309	9_screenshot	/static/media/images/2002/309/9_image-2024-04-13-20-20-37.jpg	2024-04-13 20:20:39.623942	\N
238	309	10_screenshot	/static/media/images/2002/309/10_image-2024-04-13-20-20-38.jpg	2024-04-13 20:20:39.647318	\N
239	309	11_screenshot	/static/media/images/2002/309/11_image-2024-04-13-20-20-38.jpg	2024-04-13 20:20:39.67196	\N
240	309	12_screenshot	/static/media/images/2002/309/12_image-2024-04-13-20-20-38.jpg	2024-04-13 20:20:39.693917	\N
241	319	1_screenshot	/static/media/images/2003/319/1_image-2024-04-13-20-20-37.jpg	2024-04-13 20:20:42.414701	\N
242	319	2_screenshot	/static/media/images/2003/319/2_image-2024-04-13-20-20-37.jpg	2024-04-13 20:20:42.438285	\N
243	319	3_screenshot	/static/media/images/2003/319/3_image-2024-04-13-20-20-38.jpg	2024-04-13 20:20:42.459767	\N
244	319	4_screenshot	/static/media/images/2003/319/4_image-2024-04-13-20-20-38.jpg	2024-04-13 20:20:42.48356	\N
245	319	5_screenshot	/static/media/images/2003/319/5_image-2024-04-13-20-20-38.jpg	2024-04-13 20:20:42.5056	\N
246	319	6_screenshot	/static/media/images/2003/319/6_image-2024-04-13-20-20-38.jpg	2024-04-13 20:20:42.525918	\N
247	319	7_screenshot	/static/media/images/2003/319/7_image-2024-04-13-20-20-39.jpg	2024-04-13 20:20:42.548582	\N
248	319	8_screenshot	/static/media/images/2003/319/8_image-2024-04-13-20-20-39.jpg	2024-04-13 20:20:42.571391	\N
249	319	9_screenshot	/static/media/images/2003/319/9_image-2024-04-13-20-20-39.jpg	2024-04-13 20:20:42.593437	\N
250	319	10_screenshot	/static/media/images/2003/319/10_image-2024-04-13-20-20-39.jpg	2024-04-13 20:20:42.614759	\N
251	319	11_screenshot	/static/media/images/2003/319/11_image-2024-04-13-20-20-40.jpg	2024-04-13 20:20:42.637662	\N
252	319	12_screenshot	/static/media/images/2003/319/12_image-2024-04-13-20-20-41.jpg	2024-04-13 20:20:42.659233	\N
